Province/State,str,Population,,,
Alabama,"5,024,279",5024279 ,,,
Alaska,"733,391",733391 ,,,
Arizona,"7,151,502",7151502 ,,,
Arkansas,"3,011,524",3011524 ,,,
California,"39,538,223",39538223 ,,,
Colorado,"5,773,714",5773714 ,,,
Connecticut,"3,605,944",3605944 ,,,
Delaware,"989,948",989948 ,,,
District of Columbia,"689,545",689545 ,,,
Florida,"21,538,187",21538187 ,,,
Georgia,"10,711,908",10711908 ,,,
Hawaii,"1,455,271",1455271 ,,,
Idaho,"1,839,106",1839106 ,,,
Illinois,"12,812,508",12812508 ,,,
Indiana,"6,785,528",6785528 ,,,
Iowa,"3,190,369",3190369 ,,,
Kansas,"2,937,880",2937880 ,,,
Kentucky,"4,505,836",4505836 ,,,
Louisiana,"4,657,757",4657757 ,,,
Maine,"1,362,359",1362359 ,,,
Maryland,"6,177,224",6177224 ,,,
Massachusetts,"7,029,917",7029917 ,,,
Michigan,"10,077,331",10077331 ,,,
Minnesota,"5,706,494",5706494 ,,,
Mississippi,"2,961,279",2961279 ,,,
Missouri,"6,154,913",6154913 ,,,
Montana,"1,084,225",1084225 ,,,
Nebraska,"1,961,504",1961504 ,,,
Nevada,"3,104,614",3104614 ,,,
New Hampshire,"1,377,529",1377529 ,,,
New Jersey,"9,288,994",9288994 ,,,
New Mexico,"2,117,522",2117522 ,,,
New York,"20,201,249",20201249 ,,,
North Carolina,"10,439,388",10439388 ,,,
North Dakota,"779,094",779094 ,,,
Ohio,"11,799,448",11799448 ,,,
Oklahoma,"3,959,353",3959353 ,,,
Oregon,"4,237,256",4237256 ,,,
Pennsylvania,"13,002,700",13002700 ,,,
Rhode Island,"1,097,379",1097379 ,,,
South Carolina,"5,118,425",5118425 ,,,
South Dakota,"886,667",886667 ,,,
Tennessee,"6,910,840",6910840 ,,,
Texas,"29,145,505",29145505 ,,,
Utah,"3,271,616",3271616 ,,,
Vermont,"643,077",643077 ,,,
Virginia,"8,631,393",8631393 ,,,
Washington,"7,705,281",7705281 ,,,
West Virginia,"1,793,716",1793716 ,,,
Wisconsin,"5,893,718",5893718 ,,,
Wyoming,"576,851",576851 ,,,
Puerto Rico,"3,285,874",3285874 ,,,
